{"cameraMode":{"drawMode":0,"name":"Shaded","section":"Shading Mode"},"sceneLighting":false,"audioPlay":false,"sceneViewState":{"m_AlwaysRefresh":false,"showFog":true,"showSkybox":false,"showFlares":true,"showImageEffects":true,"showParticleSystems":true,"showVisualEffectGraphs":true,"m_FxEnabled":true},"in2DMode":false,"pivot":{"x":-21.509296417236329,"y":2.9015378952026369,"z":-10.070247650146485},"rotation":{"x":0.17694632709026338,"y":-0.6419224143028259,"z":0.15565359592437745,"w":0.7296808362007141},"size":26.457054138183595,"orthographic":false}