{"cameraMode":{"drawMode":0,"name":"Shaded","section":"Shading Mode"},"sceneLighting":false,"audioPlay":false,"sceneViewState":{"m_AlwaysRefresh":false,"showFog":true,"showSkybox":false,"showFlares":true,"showImageEffects":true,"showParticleSystems":true,"showVisualEffectGraphs":true,"m_FxEnabled":true},"in2DMode":false,"pivot":{"x":-3.6824750900268556,"y":117.61886596679688,"z":-166.76821899414063},"rotation":{"x":0.01707240380346775,"y":-0.5470749735832214,"z":0.011160716414451599,"w":0.8368377089500427},"size":1.3317853212356568,"orthographic":false}